{"0A2A057A": 42.0105646837, "6BAAE1B1": 72.0211293674, "2281E39B": 102.031694051, "1559E00E": 132.042258735, "7AB4EB73": 162.052823418, "077F5949": 192.063388102, "6FD0344F": 222.073952786, "2CC56422": 252.08451747, "2F3DD9C9": 282.095082153, "70565C17": 79.9568148587, "095E7DD0": 79.9663305208, "0C4F1FA5": 146.057908799, "61947BA4": 146.057908799, "3E923C03": 158.02152329, "14908737": 161.068807836, "0996D6B5": 176.032087974, "5E288A08": 203.07937252, "695E0092": 241.025622694, "252FAE19": 242.009638277, "27AA9097": 242.019153939, "513BD0C1": 249.084851823, "2D673195": 283.036187378, "2A76C372": 291.095416506, "4DB3A9FC": 307.090331126}