{"0A2A057A": 42.03675822590033, "6BAAE1B1": 72.06278055506542, "2281E39B": 102.08880288423049, "1559E00E": 132.11482521339556, "7AB4EB73": 162.14084754256064, "077F5949": 192.16686987172574, "6FD0344F": 222.1928922008908, "2CC56422": 252.21891453005588, "2F3DD9C9": 282.24493685922096, "70565C17": 80.06300217908189, "095E7DD0": 79.97991752543061, "0C4F1FA5": 146.14144261824237, "61947BA4": 146.14144261824237, "3E923C03": 158.10908452633754, "14908737": 161.15608658374396, "0996D6B5": 176.12437095876737, "5E288A08": 203.19284480964427, "695E0092": 241.21908876282586, "252FAE19": 242.20384972164254, "27AA9097": 242.12076506799127, "513BD0C1": 249.21827206312764, "2D673195": 283.25584698872615, "2A76C372": 291.25503028902796, "4DB3A9FC": 307.25443521334626}