{"H": [[0, 0.999885], [1, 0.000115]], "1H": [[0.0, 1.0]], "2D": [[0.0, 1.0]], "3T": [[0.0, 1.0]], "T": [[0.0, 1.0]], "D": [[0.0, 1.0]], "3H": [[0.0, 1.0]], "2H": [[0.0, 1.0]], "He": [[0, 0.99999866], [-1, 1.34e-06]], "4He": [[0.0, 1.0]], "3He": [[0.0, 1.0]], "Li": [[0, 0.9241], [-1, 0.0759]], "7Li": [[0.0, 1.0]], "6Li": [[0.0, 1.0]], "Be": [[0, 1.0]], "9Be": [[0.0, 1.0]], "B": [[0, 0.801], [-1, 0.199]], "11B": [[0.0, 1.0]], "10B": [[0.0, 1.0]], "C": [[0, 0.9893], [1, 0.0107]], "12C": [[0.0, 1.0]], "13C": [[0.0, 1.0]], "14C": [[0.0, 1.0]], "N": [[0, 0.99636], [1, 0.00364]], "14N": [[0.0, 1.0]], "15N": [[0.0, 1.0]], "O": [[0, 0.99757], [2, 0.00205], [1, 0.00038]], "16O": [[0.0, 1.0]], "18O": [[0.0, 1.0]], "17O": [[0.0, 1.0]], "F": [[0, 1.0]], "19F": [[0.0, 1.0]], "Ne": [[0, 0.9048], [2, 0.0925], [1, 0.0027]], "20Ne": [[0.0, 1.0]], "22Ne": [[0.0, 1.0]], "21Ne": [[0.0, 1.0]], "Na": [[0, 1.0]], "23Na": [[0.0, 1.0]], "Mg": [[0, 0.7899], [2, 0.1101], [1, 0.1]], "24Mg": [[0.0, 1.0]], "26Mg": [[0.0, 1.0]], "25Mg": [[0.0, 1.0]], "Al": [[0, 1.0]], "27Al": [[0.0, 1.0]], "Si": [[0, 0.92223], [1, 0.04685], [2, 0.03092]], "28Si": [[0.0, 1.0]], "29Si": [[0.0, 1.0]], "30Si": [[0.0, 1.0]], "P": [[0, 1.0]], "31P": [[0.0, 1.0]], "S": [[0, 0.9499], [2, 0.0425], [1, 0.0075], [4, 0.0001]], "32S": [[0.0, 1.0]], "34S": [[0.0, 1.0]], "33S": [[0.0, 1.0]], "36S": [[0.0, 1.0]], "Cl": [[0, 0.7576], [2, 0.2424]], "35Cl": [[0.0, 1.0]], "37Cl": [[0.0, 1.0]], "Ar": [[0, 0.996035], [-4, 0.003336], [-2, 0.000629]], "40Ar": [[0.0, 1.0]], "36Ar": [[0.0, 1.0]], "38Ar": [[0.0, 1.0]], "K": [[0, 0.932581], [2, 0.067302], [1, 0.000117]], "39K": [[0.0, 1.0]], "41K": [[0.0, 1.0]], "40K": [[0.0, 1.0]], "Ca": [[0, 0.96941], [4, 0.02086], [2, 0.00647], [8, 0.00187], [3, 0.00135], [6, 4e-05]], "40Ca": [[0.0, 1.0]], "44Ca": [[0.0, 1.0]], "42Ca": [[0.0, 1.0]], "48Ca": [[0.0, 1.0]], "43Ca": [[0.0, 1.0]], "46Ca": [[0.0, 1.0]], "Sc": [[0, 1.0]], "45Sc": [[0.0, 1.0]], "Ti": [[0, 0.7372], [-2, 0.0825], [-1, 0.0744], [1, 0.0541], [2, 0.0518]], "48Ti": [[0.0, 1.0]], "46Ti": [[0.0, 1.0]], "47Ti": [[0.0, 1.0]], "49Ti": [[0.0, 1.0]], "50Ti": [[0.0, 1.0]], "V": [[0, 0.9975], [-1, 0.0025]], "51V": [[0.0, 1.0]], "50V": [[0.0, 1.0]], "Cr": [[0, 0.83789], [1, 0.09501], [-2, 0.04345], [2, 0.02365]], "52Cr": [[0.0, 1.0]], "53Cr": [[0.0, 1.0]], "50Cr": [[0.0, 1.0]], "54Cr": [[0.0, 1.0]], "Mn": [[0, 1.0]], "55Mn": [[0.0, 1.0]], "Fe": [[0, 0.91754], [-2, 0.05845], [1, 0.02119], [2, 0.00282]], "56Fe": [[0.0, 1.0]], "54Fe": [[0.0, 1.0]], "57Fe": [[0.0, 1.0]], "58Fe": [[0.0, 1.0]], "Co": [[0, 1.0]], "59Co": [[0.0, 1.0]], "Ni": [[0, 0.68077], [2, 0.26223], [4, 0.036346], [3, 0.011399], [6, 0.009255]], "58Ni": [[0.0, 1.0]], "60Ni": [[0.0, 1.0]], "62Ni": [[0.0, 1.0]], "61Ni": [[0.0, 1.0]], "64Ni": [[0.0, 1.0]], "Cu": [[0, 0.6915], [2, 0.3085]], "63Cu": [[0.0, 1.0]], "65Cu": [[0.0, 1.0]], "Zn": [[0, 0.4917], [2, 0.2773], [4, 0.1845], [3, 0.0404], [6, 0.0061]], "64Zn": [[0.0, 1.0]], "66Zn": [[0.0, 1.0]], "68Zn": [[0.0, 1.0]], "67Zn": [[0.0, 1.0]], "70Zn": [[0.0, 1.0]], "Ga": [[0, 0.60108], [2, 0.39892]], "69Ga": [[0.0, 1.0]], "71Ga": [[0.0, 1.0]], "Ge": [[0, 0.365], [-2, 0.2745], [-4, 0.2057], [-1, 0.0775], [2, 0.0773]], "74Ge": [[0.0, 1.0]], "72Ge": [[0.0, 1.0]], "70Ge": [[0.0, 1.0]], "73Ge": [[0.0, 1.0]], "76Ge": [[0.0, 1.0]], "As": [[0, 1.0]], "75As": [[0.0, 1.0]], "Se": [[0, 0.4961], [-2, 0.2377], [-4, 0.0937], [2, 0.0873], [-3, 0.0763], [-6, 0.0089]], "80Se": [[0.0, 1.0]], "78Se": [[0.0, 1.0]], "76Se": [[0.0, 1.0]], "82Se": [[0.0, 1.0]], "77Se": [[0.0, 1.0]], "74Se": [[0.0, 1.0]], "Br": [[0, 0.5069], [2, 0.4931]], "79Br": [[0.0, 1.0]], "81Br": [[0.0, 1.0]], "Kr": [[0, 0.56987], [2, 0.17279], [-2, 0.11593], [-1, 0.115], [-4, 0.02286], [-6, 0.00355]], "84Kr": [[0.0, 1.0]], "86Kr": [[0.0, 1.0]], "82Kr": [[0.0, 1.0]], "83Kr": [[0.0, 1.0]], "80Kr": [[0.0, 1.0]], "78Kr": [[0.0, 1.0]], "Rb": [[0, 0.7217], [2, 0.2783]], "85Rb": [[0.0, 1.0]], "87Rb": [[0.0, 1.0]], "Sr": [[0, 0.8258], [-2, 0.0986], [-1, 0.07], [-4, 0.0056]], "88Sr": [[0.0, 1.0]], "86Sr": [[0.0, 1.0]], "87Sr": [[0.0, 1.0]], "84Sr": [[0.0, 1.0]], "Y": [[0, 1.0]], "89Y": [[0.0, 1.0]], "Zr": [[0, 0.5145], [4, 0.1738], [2, 0.1715], [1, 0.1122], [6, 0.028]], "90Zr": [[0.0, 1.0]], "94Zr": [[0.0, 1.0]], "92Zr": [[0.0, 1.0]], "91Zr": [[0.0, 1.0]], "96Zr": [[0.0, 1.0]], "Nb": [[0, 1.0]], "93Nb": [[0.0, 1.0]], "Mo": [[0, 0.2439], [-2, 0.1667], [-3, 0.1584], [-6, 0.1453], [2, 0.0982], [-1, 0.096], [-4, 0.0915]], "98Mo": [[0.0, 1.0]], "96Mo": [[0.0, 1.0]], "95Mo": [[0.0, 1.0]], "92Mo": [[0.0, 1.0]], "100Mo": [[0.0, 1.0]], "97Mo": [[0.0, 1.0]], "94Mo": [[0.0, 1.0]], "Tc": [], "97Tc": [[0.0, 1.0]], "98Tc": [[0.0, 1.0]], "99Tc": [[0.0, 1.0]], "Ru": [[0, 0.3155], [2, 0.1862], [-1, 0.1706], [-3, 0.1276], [-2, 0.126], [-6, 0.0554], [-4, 0.0187]], "102Ru": [[0.0, 1.0]], "104Ru": [[0.0, 1.0]], "101Ru": [[0.0, 1.0]], "99Ru": [[0.0, 1.0]], "100Ru": [[0.0, 1.0]], "96Ru": [[0.0, 1.0]], "98Ru": [[0.0, 1.0]], "Rh": [[0, 1.0]], "103Rh": [[0.0, 1.0]], "Pd": [[0, 0.2733], [2, 0.2646], [-1, 0.2233], [4, 0.1172], [-2, 0.1114], [-4, 0.0102]], "106Pd": [[0.0, 1.0]], "108Pd": [[0.0, 1.0]], "105Pd": [[0.0, 1.0]], "110Pd": [[0.0, 1.0]], "104Pd": [[0.0, 1.0]], "102Pd": [[0.0, 1.0]], "Ag": [[0, 0.51839], [2, 0.48161]], "107Ag": [[0.0, 1.0]], "109Ag": [[0.0, 1.0]], "Cd": [[0, 0.2873], [-2, 0.2413], [-3, 0.128], [-4, 0.1249], [-1, 0.1222], [2, 0.0749], [-8, 0.0125], [-6, 0.0089]], "114Cd": [[0.0, 1.0]], "112Cd": [[0.0, 1.0]], "111Cd": [[0.0, 1.0]], "110Cd": [[0.0, 1.0]], "113Cd": [[0.0, 1.0]], "116Cd": [[0.0, 1.0]], "106Cd": [[0.0, 1.0]], "108Cd": [[0.0, 1.0]], "In": [[0, 0.9571], [-2, 0.0429]], "115In": [[0.0, 1.0]], "113In": [[0.0, 1.0]], "Sn": [[0, 0.3258], [-2, 0.2422], [-4, 0.1454], [-1, 0.0859], [-3, 0.0768], [4, 0.0579], [2, 0.0463], [-8, 0.0097], [-6, 0.0066], [-5, 0.0034]], "120Sn": [[0.0, 1.0]], "118Sn": [[0.0, 1.0]], "116Sn": [[0.0, 1.0]], "119Sn": [[0.0, 1.0]], "117Sn": [[0.0, 1.0]], "124Sn": [[0.0, 1.0]], "122Sn": [[0.0, 1.0]], "112Sn": [[0.0, 1.0]], "114Sn": [[0.0, 1.0]], "115Sn": [[0.0, 1.0]], "Sb": [[0, 0.5721], [2, 0.4279]], "121Sb": [[0.0, 1.0]], "123Sb": [[0.0, 1.0]], "Te": [[0, 0.3408], [-2, 0.3174], [-4, 0.1884], [-5, 0.0707], [-6, 0.0474], [-8, 0.0255], [-7, 0.0089], [-10, 0.0009]], "130Te": [[0.0, 1.0]], "128Te": [[0.0, 1.0]], "126Te": [[0.0, 1.0]], "125Te": [[0.0, 1.0]], "124Te": [[0.0, 1.0]], "122Te": [[0.0, 1.0]], "123Te": [[0.0, 1.0]], "120Te": [[0.0, 1.0]], "I": [[0, 1.0]], "127I": [[0.0, 1.0]], "Xe": [[0, 0.269086], [-3, 0.264006], [-1, 0.212324], [2, 0.104357], [4, 0.088573], [-2, 0.04071], [-4, 0.019102], [-8, 0.000952], [-6, 0.00089]], "132Xe": [[0.0, 1.0]], "129Xe": [[0.0, 1.0]], "131Xe": [[0.0, 1.0]], "134Xe": [[0.0, 1.0]], "136Xe": [[0.0, 1.0]], "130Xe": [[0.0, 1.0]], "128Xe": [[0.0, 1.0]], "124Xe": [[0.0, 1.0]], "126Xe": [[0.0, 1.0]], "Cs": [[0, 1.0]], "133Cs": [[0.0, 1.0]], "Ba": [[0, 0.71698], [-1, 0.11232], [-2, 0.07854], [-3, 0.06592], [-4, 0.02417], [-8, 0.00106], [-6, 0.00101]], "138Ba": [[0.0, 1.0]], "137Ba": [[0.0, 1.0]], "136Ba": [[0.0, 1.0]], "135Ba": [[0.0, 1.0]], "134Ba": [[0.0, 1.0]], "130Ba": [[0.0, 1.0]], "132Ba": [[0.0, 1.0]], "La": [[0, 0.9991119], [-1, 0.0008881]], "139La": [[0.0, 1.0]], "138La": [[0.0, 1.0]], "Ce": [[0, 0.8845], [2, 0.11114], [-2, 0.00251], [-4, 0.00185]], "140Ce": [[0.0, 1.0]], "142Ce": [[0.0, 1.0]], "138Ce": [[0.0, 1.0]], "136Ce": [[0.0, 1.0]], "Pr": [[0, 1.0]], "141Pr": [[0.0, 1.0]], "Nd": [[0, 0.27152], [2, 0.23798], [4, 0.17189], [1, 0.12174], [3, 0.08293], [6, 0.05756], [8, 0.05638]], "142Nd": [[0.0, 1.0]], "144Nd": [[0.0, 1.0]], "146Nd": [[0.0, 1.0]], "143Nd": [[0.0, 1.0]], "145Nd": [[0.0, 1.0]], "148Nd": [[0.0, 1.0]], "150Nd": [[0.0, 1.0]], "Pm": [], "145Pm": [[0.0, 1.0]], "147Pm": [[0.0, 1.0]], "Sm": [[0, 0.2675], [2, 0.2275], [-5, 0.1499], [-3, 0.1382], [-4, 0.1124], [-2, 0.0738], [-8, 0.0307]], "152Sm": [[0.0, 1.0]], "154Sm": [[0.0, 1.0]], "147Sm": [[0.0, 1.0]], "149Sm": [[0.0, 1.0]], "148Sm": [[0.0, 1.0]],