{"H": 1.00782503223, "1H": 1.00782503223, "2D": 2.01410177812, "3T": 3.0160492779, "He": 4.00260325413, "4He": 4.00260325413, "3He": 3.0160293201, "Li": 7.0160034366, "7Li": 7.0160034366, "6Li": 6.0151228874, "Be": 9.012183065, "9Be": 9.012183065, "B": 11.00930536, "11B": 11.00930536, "10B": 10.01293695, "C": 12.0, "12C": 12.0, "13C": 13.00335483507, "14C": 14.0032419884, "N": 14.00307400443, "14N": 14.00307400443, "15N": 15.00010889888, "O": 15.99491461957, "16O": 15.99491461957, "18O": 17.99915961286, "17O": 16.9991317565, "F": 18.99840316273, "19F": 18.99840316273, "Ne": 19.9924401762, "20Ne": 19.9924401762, "22Ne": 21.991385114, "21Ne": 20.993846685, "Na": 22.989769282, "23Na": 22.989769282, "Mg": 23.985041697, "24Mg": 23.985041697, "26Mg": 25.982592968, "25Mg": 24.985836976, "Al": 26.98153853, "27Al": 26.98153853, "Si": 27.97692653465, "28Si": 27.97692653465, "29Si": 28.9764946649, "30Si": 29.973770136, "P": 30.97376199842, "31P": 30.97376199842, "S": 31.9720711744, "32S": 31.9720711744, "34S": 33.967867004, "33S": 32.9714589098, "36S": 35.96708071, "Cl": 34.968852682, "35Cl": 34.968852682, "37Cl": 36.965902602, "Ar": 39.9623831237, "40Ar": 39.9623831237, "36Ar": 35.967545105, "38Ar": 37.96273211, "K": 38.9637064864, "39K": 38.9637064864, "41K": 40.9618252579, "40K": 39.963998166, "Ca": 39.962590863, "40Ca": 39.962590863, "44Ca": 43.95548156, "42Ca": 41.95861783, "48Ca": 47.95252276, "43Ca": 42.95876644, "46Ca": 45.953689, "Sc": 44.95590828, "45Sc": 44.95590828, "Ti": 47.94794198, "48Ti": 47.94794198, "46Ti": 45.95262772, "47Ti": 46.95175879, "49Ti": 48.94786568, "50Ti": 49.94478689, "V": 50.94395704, "51V": 50.94395704, "50V": 49.94715601, "Cr": 51.94050623, "52Cr": 51.94050623, "53Cr": 52.94064815, "50Cr": 49.94604183, "54Cr": 53.93887916, "Mn": 54.93804391, "55Mn": 54.93804391, "Fe": 55.93493633, "56Fe": 55.93493633, "54Fe": 53.93960899, "57Fe": 56.93539284, "58Fe": 57.93327443, "Co": 58.93319429, "59Co": 58.93319429, "Ni": 57.93534241, "58Ni": 57.93534241, "60Ni": 59.93078588, "62Ni": 61.92834537, "61Ni": 60.93105557, "64Ni": 63.92796682, "Cu": 62.92959772, "63Cu": 62.92959772, "65Cu": 64.9277897, "Zn": 63.92914201, "64Zn": 63.92914201, "66Zn": 65.92603381, "68Zn": 67.92484455, "67Zn": 66.92712775, "70Zn": 69.9253192, "Ga": 68.9255735, "69Ga": 68.9255735, "71Ga": 70.92470258, "Ge": 73.921177761, "74Ge": 73.921177761, "72Ge": 71.922075826, "70Ge": 69.92424875, "73Ge": 72.923458956, "76Ge": 75.921402726, "As": 74.92159457, "75As": 74.92159457, "Se": 79.9165218, "80Se": 79.9165218, "78Se": 77.91730928, "76Se": 75.919213704, "82Se": 81.9166995, "77Se": 76.919914154, "74Se": 73.922475934, "Br": 78.9183376, "79Br": 78.9183376, "81Br": 80.9162897, "Kr": 83.9114977282, "84Kr": 83.9114977282, "86Kr": 85.9106106269, "82Kr": 81.91348273, "83Kr": 82.91412716, "80Kr": 79.91637808, "78Kr": 77.92036494, "Rb": 84.9117897379, "85Rb": 84.9117897379, "87Rb": 86.909180531, "Sr": 87.9056125, "88Sr": 87.9056125, "86Sr": 85.9092606, "87Sr": 86.9088775, "84Sr": 83.9134191, "Y": 88.9058403, "89Y": 88.9058403, "Zr": 89.9046977, "90Zr": 89.9046977, "94Zr": 93.9063108, "92Zr": 91.9050347, "91Zr": 90.9056396, "96Zr": 95.9082714, "Nb": 92.906373, "93Nb": 92.906373, "Mo": 97.90540482, "98Mo": 97.90540482, "96Mo": 95.90467612, "95Mo": 94.90583877, "92Mo": 91.90680796, "100Mo": 99.9074718, "97Mo": 96.90601812, "94Mo": 93.9050849, "Tc": 96.9063667, "97Tc": 96.9063667, "98Tc": 97.9072124, "99Tc": 98.9062508, "Ru": 101.9043441, "102Ru": 101.9043441, "104Ru": 103.9054275, "101Ru": 100.9055769, "99Ru": 98.9059341, "100Ru": 99.9042143, "96Ru": 95.90759025, "98Ru": 97.9052868, "Rh": 102.905498, "103Rh": 102.905498, "Pd": 105.9034804, "106Pd": 105.9034804, "108Pd": 107.9038916, "105Pd": 104.9050796, "110Pd": 109.9051722, "104Pd": 103.9040305, "102Pd": 101.9056022, "Ag": 106.9050916, "107Ag": 106.9050916, "109Ag": 108.9047553, "Cd": 113.90336509, "114Cd": 113.90336509, "112Cd": 111.90276287, "111Cd": 110.90418287, "110Cd": 109.90300661, "113Cd": 112.90440813, "116Cd": 115.90476315, "106Cd": 105.9064599, "108Cd": 107.9041834, "In": 114.903878776, "115In": 114.903878776, "113In": 112.90406184, "Sn": 119.90220163, "120Sn": 119.90220163, "118Sn": 117.90160657, "116Sn": 115.9017428, "119Sn": 118.90331117, "117Sn": 116.90295398, "124Sn": 123.9052766, "122Sn": 121.9034438, "112Sn": 111.90482387, "114Sn": 113.9027827, "115Sn": 114.903344699, "Sb": 120.903812, "121Sb": 120.903812, "123Sb": 122.9042132, "Te": 129.906222748, "130Te": 129.906222748, "128Te": 127.90446128, "126Te": 125.9033109, "125Te": 124.9044299, "124Te": 123.9028171, "122Te": 121.9030435, "123Te": 122.9042698, "120Te": 119.9040593, "I": 126.9044719, "127I": 126.9044719, "Xe": 131.9041550856, "132Xe": 131.9041550856, "129Xe": 128.9047808611, "131Xe": 130.90508406, "134Xe": 133.90539466, "136Xe": 135.907214484, "130Xe": 129.903509349, "128Xe": 127.903531, "124Xe": 123.905892, "126Xe": 125.9042983, "Cs": 132.905451961, "133Cs": 132.905451961, "Ba": 137.905247, "138Ba": 137.905247, "137Ba": 136.90582714, "136Ba": 135.90457573, "135Ba": 134.90568838, "134Ba": 133.90450818, "130Ba": 129.9063207, "132Ba": 131.9050611, "La": 138.9063563, "139La": 138.9063563, "138La": 137.9071149, "Ce": 139.9054431, "140Ce": 139.9054431, "142Ce": 141.9092504, "138Ce": 137.905991, "136Ce": 135.90712921, "Pr": 140.9076576, "141Pr": 140.9076576, "Nd": 141.907729, "142Nd": 141.907729, "144Nd": 143.910093, "146Nd": 145.9131226, "143Nd": 142.90982, "145Nd": 144.9125793, "148Nd": 147.9168993, "150Nd": 149.9209022, "Pm": 144.9127559, "145Pm": 144.9127559, "147Pm": 146.915145, "Sm": 151.9197397, "152Sm": 151.9197397, "154Sm": 153.9222169, "147Sm": 146.9149044, "149Sm": 148.9171921, "148Sm": 147.9148292, "150Sm": 149.9172829, "144Sm": 143.9120065, "Eu": 152.921238, "153Eu": 152.921238, "151Eu": 150.9198578, "Gd": 157.9241123, "158Gd": 157.9241123, "160Gd": 159.9270624, "156Gd": 155.9221312, "157Gd": 156.9239686, "155Gd": 154.9226305, "154Gd": 153.9208741, "152Gd": 151.9197995, "Tb": 158.9253547, "159Tb": 158.9253547, "Dy": 163.9291819, "164Dy": 163.9291819, "162Dy": 161.9268056, "163Dy": 162.9287383, "161Dy": 160.9269405, "160Dy": 159.9252046, "158Dy": 157.9244159, "156Dy": 155.9242847, "Ho": 164.9303288, "165Ho": 164.9303288, "Er": 165.9302995, "166Er": 165.9302995, "168Er": 167.9323767, "167Er": 166.9320546, "170Er": 169.9354702, "164Er": 163.9292088, "162Er": 161.9287884, "Tm": 168.9342179, "169Tm": 168.9342179, "Yb": 173.9388664, "174Yb": 173.9388664, "172Yb": 171.9363859, "173Yb": 172.9382151, "171Yb": 170.9363302, "176Yb": 175.9425764, "170Yb": 169.9347664, "168Yb": 167.9338896, "Lu": 174.9407752, "175Lu": 174.9407752, "176Lu": 175.9426897, "Hf": 179.946557, "180Hf": 179.946557, "178Hf": 177.9437058, "177Hf": 176.9432277, "179Hf": 178.9458232, "176Hf": 175.9414076, "174Hf": 173.9400461, "Ta": 180.9479958, "181Ta": 180.9479958, "180Ta": 179.9474648, "W": 183.95093092, "184W": 183.95093092, "186W": 185.9543628, "182W": 181.94820394, "183W": 182.95022275, "180W": 179.9467108, "Re": 186.9557501, "187Re": 186.9557501, "185Re": 184.9529545, "Os": 191.961477, "192Os": 191.961477, "190Os": 189.9584437, "189Os": 188.9581442, "188Os": 187.9558352, "187Os": 186.9557474, "186Os": 185.953835, "184Os": 183.9524885, "Ir": 192.9629216, "193Ir": 192.9629216, "191Ir": 190.9605893, "Pt": 194.9647917, "195Pt": 194.9647917, "194Pt": 193.9626809, "196Pt": 195.96495209, "198Pt": 197.9678949, "192Pt": 191.9610387, "190Pt": 189.9599297, "Au": 196.96656879, "197Au": 196.96656879, "Hg": 201.9706434, "202Hg": 201.9706434, "200Hg": 199.96832659, "199Hg": 198.96828064, "201Hg": 200.97030284, "198Hg": 197.9667686, "204Hg": 203.97349398, "196Hg": 195.9658326, "Tl": 204.9744278, "205Tl": 204.9744278, "203Tl": 202.9723446, "Pb": 207.9766525, "208Pb": 207.9766525, "206Pb": 205.9744657, "207Pb": 206.9758973, "204Pb": 203.973044, "Bi": 208.9803991, "209Bi": 208.9803991, "Po": 208.9824308, "209Po": 208.9824308, "210Po": 209.9828741, "At": 209.9871479, "210At": 209.9871479,