{"H": [[1.00782503223, 0.999885], [2.01410177812, 0.000115]], "1H": [[1.00782503223, 1.0]], "2D": [[2.01410177812, 1.0]], "3T": [[3.0160492779, 1.0]], "T": [[3.0160492779, 1.0]], "D": [[2.01410177812, 1.0]], "3H": [[3.0160492779, 1.0]], "2H": [[2.01410177812, 1.0]], "He": [[4.00260325413, 0.99999866], [3.0160293201, 1.34e-06]], "4He": [[4.00260325413, 1.0]], "3He": [[3.0160293201, 1.0]], "Li": [[7.0160034366, 0.9241], [6.0151228874, 0.0759]], "7Li": [[7.0160034366, 1.0]], "6Li": [[6.0151228874, 1.0]], "Be": [[9.012183065, 1.0]], "9Be": [[9.012183065, 1.0]], "B": [[11.00930536, 0.801], [10.01293695, 0.199]], "11B": [[11.00930536, 1.0]], "10B": [[10.01293695, 1.0]], "C": [[12.0, 0.9893], [13.00335483507, 0.0107]], "12C": [[12.0, 1.0]], "13C": [[13.00335483507, 1.0]], "14C": [[14.0032419884, 1.0]], "N": [[14.00307400443, 0.99636], [15.00010889888, 0.00364]], "14N": [[14.00307400443, 1.0]], "15N": [[15.00010889888, 1.0]], "O": [[15.99491461957, 0.99757], [17.99915961286, 0.00205], [16.9991317565, 0.00038]], "16O": [[15.99491461957, 1.0]], "18O": [[17.99915961286, 1.0]], "17O": [[16.9991317565, 1.0]], "F": [[18.99840316273, 1.0]], "19F": [[18.99840316273, 1.0]], "Ne": [[19.9924401762, 0.9048], [21.991385114, 0.0925], [20.993846685, 0.0027]], "20Ne": [[19.9924401762, 1.0]], "22Ne": [[21.991385114, 1.0]], "21Ne": [[20.993846685, 1.0]], "Na": [[22.989769282, 1.0]], "23Na": [[22.989769282, 1.0]], "Mg": [[23.985041697, 0.7899], [25.982592968, 0.1101], [24.985836976, 0.1]], "24Mg": [[23.985041697, 1.0]], "26Mg": [[25.982592968, 1.0]], "25Mg": [[24.985836976, 1.0]], "Al": [[26.98153853, 1.0]], "27Al": [[26.98153853, 1.0]], "Si": [[27.97692653465, 0.92223], [28.9764946649, 0.04685], [29.973770136, 0.03092]], "28Si": [[27.97692653465, 1.0]], "29Si": [[28.9764946649, 1.0]], "30Si": [[29.973770136, 1.0]], "P": [[30.97376199842, 1.0]], "31P": [[30.97376199842, 1.0]], "S": [[31.9720711744, 0.9499], [33.967867004, 0.0425], [32.9714589098, 0.0075], [35.96708071, 0.0001]], "32S": [[31.9720711744, 1.0]], "34S": [[33.967867004, 1.0]], "33S": [[32.9714589098, 1.0]], "36S": [[35.96708071, 1.0]], "Cl": [[34.968852682, 0.7576], [36.965902602, 0.2424]], "35Cl": [[34.968852682, 1.0]], "37Cl": [[36.965902602, 1.0]], "Ar": [[39.9623831237, 0.996035], [35.967545105, 0.003336], [37.96273211, 0.000629]], "40Ar": [[39.9623831237, 1.0]], "36Ar": [[35.967545105, 1.0]], "38Ar": [[37.96273211, 1.0]], "K": [[38.9637064864, 0.932581], [40.9618252579, 0.067302], [39.963998166, 0.000117]], "39K": [[38.9637064864, 1.0]], "41K": [[40.9618252579, 1.0]], "40K": [[39.963998166, 1.0]], "Ca": [[39.962590863, 0.96941], [43.95548156, 0.02086], [41.95861783, 0.00647], [47.95252276, 0.00187], [42.95876644, 0.00135], [45.953689, 4e-05]], "40Ca": [[39.962590863, 1.0]], "44Ca": [[43.95548156, 1.0]], "42Ca": [[41.95861783, 1.0]], "48Ca": [[47.95252276, 1.0]], "43Ca": [[42.95876644, 1.0]], "46Ca": [[45.953689, 1.0]], "Sc": [[44.95590828, 1.0]], "45Sc": [[44.95590828, 1.0]], "Ti": [[47.94794198, 0.7372], [45.95262772, 0.0825], [46.95175879, 0.0744], [48.94786568, 0.0541], [49.94478689, 0.0518]], "48Ti": [[47.94794198, 1.0]], "46Ti": [[45.95262772, 1.0]], "47Ti": [[46.95175879, 1.0]], "49Ti": [[48.94786568, 1.0]], "50Ti": [[49.94478689, 1.0]], "V": [[50.94395704, 0.9975], [49.94715601, 0.0025]], "51V": [[50.94395704, 1.0]], "50V": [[49.94715601, 1.0]], "Cr": [[51.94050623, 0.83789], [52.94064815, 0.09501], [49.94604183, 0.04345], [53.93887916, 0.02365]], "52Cr": [[51.94050623, 1.0]], "53Cr": [[52.94064815, 1.0]], "50Cr": [[49.94604183, 1.0]], "54Cr": [[53.93887916, 1.0]], "Mn": [[54.93804391, 1.0]], "55Mn": [[54.93804391, 1.0]], "Fe": [[55.93493633, 0.91754], [53.93960899, 0.05845], [56.93539284, 0.02119], [57.93327443, 0.00282]], "56Fe": [[55.93493633, 1.0]], "54Fe": [[53.93960899, 1.0]], "57Fe": [[56.93539284, 1.0]], "58Fe": [[57.93327443, 1.0]], "Co": [[58.93319429, 1.0]], "59Co": [[58.93319429, 1.0]], "Ni": [[57.93534241, 0.68077], [59.93078588, 0.26223], [61.92834537, 0.036346], [60.93105557, 0.011399], [63.92796682, 0.009255]], "58Ni": [[57.93534241, 1.0]], "60Ni": [[59.93078588, 1.0]], "62Ni": [[61.92834537, 1.0]], "61Ni": [[60.93105557, 1.0]], "64Ni": [[63.92796682, 1.0]], "Cu": [[62.92959772, 0.6915], [64.9277897, 0.3085]], "63Cu": [[62.92959772, 1.0]], "65Cu": [[64.9277897, 1.0]], "Zn": [[63.92914201, 0.4917], [65.92603381, 0.2773], [67.92484455, 0.1845], [66.92712775, 0.0404], [69.9253192, 0.0061]], "64Zn": [[63.92914201, 1.0]], "66Zn": [[65.92603381, 1.0]], "68Zn": [[67.92484455, 1.0]], "67Zn": [[66.92712775, 1.0]], "70Zn": [[69.9253192, 1.0]], "Ga": [[68.9255735, 0.60108], [70.92470258, 0.39892]], "69Ga": [[68.9255735, 1.0]], "71Ga": [[70.92470258, 1.0]], "Ge": [[73.921177761, 0.365], [71.922075826, 0.2745], [69.92424875, 0.2057], [72.923458956, 0.0775], [75.921402726, 0.0773]], "74Ge": [[73.921177761, 1.0]], "72Ge": [[71.922075826, 1.0]], "70Ge": [[69.92424875, 1.0]], "73Ge": [[72.923458956, 1.0]], "76Ge": [[75.921402726, 1.0]], "As": [[74.92159457, 1.0]], "75As": [[74.92159457, 1.0]], "Se": [[79.9165218, 0.4961], [77.91730928, 0.2377], [75.919213704, 0.0937], [81.9166995, 0.0873], [76.919914154, 0.0763], [73.922475934, 0.0089]], "80Se": [[79.9165218, 1.0]], "78Se": [[77.91730928, 1.0]], "76Se": [[75.919213704, 1.0]], "82Se": [[81.9166995, 1.0]], "77Se": [[76.919914154, 1.0]], "74Se": [[73.922475934, 1.0]], "Br": [[78.9183376, 0.5069], [80.9162897, 0.4931]], "79Br": [[78.9183376, 1.0]], "81Br": [[80.9162897, 1.0]], "Kr": [[83.9114977282, 0.56987], [85.9106106269, 0.17279], [81.91348273, 0.11593], [82.91412716, 0.115], [79.91637808, 0.02286], [77.92036494, 0.00355]], "84Kr": [[83.9114977282, 1.0]], "86Kr": [[85.9106106269, 1.0]], "82Kr": [[81.91348273, 1.0]], "83Kr": [[82.91412716, 1.0]], "80Kr": [[79.91637808, 1.0]], "78Kr": [[77.92036494, 1.0]], "Rb": [[84.9117897379, 0.7217], [86.909180531, 0.2783]], "85Rb": [[84.9117897379, 1.0]], "87Rb": [[86.909180531, 1.0]], "Sr": [[87.9056125, 0.8258], [85.9092606, 0.0986], [86.9088775, 0.07], [83.9134191, 0.0056]], "88Sr": [[87.9056125, 1.0]], "86Sr": [[85.9092606, 1.0]], "87Sr": [[86.9088775, 1.0]], "84Sr": [[83.9134191, 1.0]], "Y": [[88.9058403, 1.0]], "89Y": [[88.9058403, 1.0]], "Zr": [[89.9046977, 0.5145], [93.9063108, 0.1738], [91.9050347, 0.1715], [90.9056396, 0.1122], [95.9082714, 0.028]], "90Zr": [[89.9046977, 1.0]], "94Zr": [[93.9063108, 1.0]], "92Zr": [[91.9050347, 1.0]], "91Zr": [[90.9056396, 1.0]], "96Zr": [[95.9082714, 1.0]], "Nb": [[92.906373, 1.0]], "93Nb": [[92.906373, 1.0]], "Mo": [[97.90540482, 0.2439], [95.90467612, 0.1667], [94.90583877, 0.1584], [91.90680796, 0.1453], [99.9074718, 0.0982], [96.90601812, 0.096], [93.9050849, 0.0915]], "98Mo": [[97.90540482, 1.0]], "96Mo": [[95.90467612, 1.0]], "95Mo": [[94.90583877, 1.0]], "92Mo": [[91.90680796, 1.0]], "100Mo": [[99.9074718, 1.0]], "97Mo": [[96.90601812, 1.0]], "94Mo": [[93.9050849, 1.0]], "Tc": [], "97Tc": [[96.9063667, 1.0]], "98Tc": [[97.9072124, 1.0]], "99Tc": [[98.9062508, 1.0]], "Ru": [[101.9043441, 0.3155], [103.9054275, 0.1862], [100.9055769, 0.1706], [98.9059341, 0.1276], [99.9042143, 0.126], [95.90759025, 0.0554], [97.9052868, 0.0187]], "102Ru": [[101.9043441, 1.0]], "104Ru": [[103.9054275, 1.0]], "101Ru": [[100.9055769, 1.0]], "99Ru": [[98.9059341, 1.0]], "100Ru": [[99.9042143, 1.0]], "96Ru": [[95.90759025, 1.0]], "98Ru": [[97.9052868, 1.0]], "Rh": [[102.905498, 1.0]], "103Rh": [[102.905498, 1.0]], "Pd": [[105.9034804, 0.2733], [107.9038916, 0.2646], [104.9050796, 0.2233], [109.9051722, 0.1172], [103.9040305, 0.1114], [101.9056022, 0.0102]], "106Pd": [[105.9034804, 1.0]], "108Pd": [[107.9038916, 1.0]], "105Pd": [[104.9050796, 1.0]], "110Pd": [[109.9051722, 1.0]], "104Pd": [[103.9040305, 1.0]], "102Pd": [[101.9056022, 1.0]], "Ag": [[106.9050916, 0.51839], [108.9047553, 0.48161]], "107Ag": [[106.9050916, 1.0]], "109Ag": [[108.9047553, 1.0]],