{"H": 1.0079407540557772, "He": 4.002601932120929, "Li": 6.94003660291572, "Be": 9.012183065, "B": 10.811028046410001, "C": 12.010735896735248, "N": 14.006703211445798, "O": 15.999404924318277, "F": 18.99840316273, "Ne": 20.18004638052026, "Na": 22.989769282, "Mg": 24.3050516198371, "Al": 26.98153853, "Si": 28.085498705705955, "P": 30.97376199842, "S": 32.06478740612706, "Cl": 35.452937582608, "Ar": 39.947798563582, "K": 39.098300910086, "Ca": 40.078022511017735, "Sc": 44.95590828, "Ti": 47.866744962721995, "V": 50.941465037425004, "Cr": 51.9961317554337, "Mn": 54.93804391, "Fe": 55.845144433865904, "Co": 58.93319429, "Ni": 58.69334710994765, "Cu": 63.54603994583, "Zn": 65.37778252952499, "Ga": 69.7230660725936, "Ge": 72.6275501646868, "As": 74.92159457, "Se": 78.95938855701361, "Br": 79.90352778050999, "Kr": 83.79799999532608, "Rb": 85.46766359561973, "Sr": 87.61664446962001, "Y": 88.9058403, "Zr": 91.22364159706, "Nb": 92.906373, "Mo": 95.959788541188, "Tc": 0.0, "Ru": 101.06494013915999, "Rh": 102.905498, "Pd": 106.41532750733998, "Ag": 107.868149634557, "Cd": 112.41155781826801, "In": 114.81808662944559, "Sn": 118.71011259301058, "Sb": 121.75978367348, "Te": 127.60312648466041, "I": 126.9044719, "Xe": 131.29276144779055, "Cs": 132.905451961, "Ba": 137.3268916286322, "La": 138.90546887371266, "Ce": 140.1157307378545, "Pr": 140.9076576, "Nd": 144.24159603182702, "Pm": 0.0, "Sm": 150.36635571193003, "Eu": 151.96437812637998, "Gd": 157.25213064688, "Tb": 158.9253547, "Dy": 162.49947281942397, "Ho": 164.9303288, "Er": 167.259082649669, "Tm": 168.9342179, "Yb": 173.05415016631702, "Lu": 174.96681495785498, "Hf": 178.48497872340002, "Ta": 180.9478756362269, "W": 183.841777550513, "Re": 186.20670454560002, "Os": 190.22485962824, "Ir": 192.2160516521, "Pt": 195.084456864931, "Au": 196.96656879, "Hg": 200.59916703455602, "Tl": 204.38341283936, "Pb": 207.216908063, "Bi": 208.9803991, "Po": 0.0, "At": 0.0, "Rn": 0.0, "Fr": 0.0, "Ra": 0.0, "Ac": 0.0, "Th": 232.0380558, "Pa": 231.0358842, "U": 238.02891046165738, "Np": 0.0, "Pu": 0.0, "Am": 0.0, "Cm": 0.0, "Bk": 0.0, "Cf": 0.0, "Es": 0.0, "Fm": 0.0, "Md": 0.0, "No": 0.0, "Lr": 0.0, "Rf": 0.0, "Db": 0.0, "Sg": 0.0, "Bh": 0.0, "Hs": 0.0, "Mt": 0.0, "Ds": 0.0, "Rg": 0.0, "Cn": 0.0, "Nh": 0.0, "Fl": 0.0, "Mc": 0.0, "Lv": 0.0, "Ts": 0.0, "Og": 0.0}