{"H": 0.999885, "1H": 0.999885, "2D": 0.000115, "3T": 0.0, "He": 0.99999866, "4He": 0.99999866, "3He": 1.34e-06, "Li": 0.9241, "7Li": 0.9241, "6Li": 0.0759, "Be": 1.0, "9Be": 1.0, "B": 0.801, "11B": 0.801, "10B": 0.199, "C": 0.9893, "12C": 0.9893, "13C": 0.0107, "14C": 0.0, "N": 0.99636, "14N": 0.99636, "15N": 0.00364, "O": 0.99757, "16O": 0.99757, "18O": 0.00205, "17O": 0.00038, "F": 1.0, "19F": 1.0, "Ne": 0.9048, "20Ne": 0.9048, "22Ne": 0.0925, "21Ne": 0.0027, "Na": 1.0, "23Na": 1.0, "Mg": 0.7899, "24Mg": 0.7899, "26Mg": 0.1101, "25Mg": 0.1, "Al": 1.0, "27Al": 1.0, "Si": 0.92223, "28Si": 0.92223, "29Si": 0.04685, "30Si": 0.03092, "P": 1.0, "31P": 1.0, "S": 0.9499, "32S": 0.9499, "34S": 0.0425, "33S": 0.0075, "36S": 0.0001, "Cl": 0.7576, "35Cl": 0.7576, "37Cl": 0.2424, "Ar": 0.996035, "40Ar": 0.996035, "36Ar": 0.003336, "38Ar": 0.000629, "K": 0.932581, "39K": 0.932581, "41K": 0.067302, "40K": 0.000117, "Ca": 0.96941, "40Ca": 0.96941, "44Ca": 0.02086, "42Ca": 0.00647, "48Ca": 0.00187, "43Ca": 0.00135, "46Ca": 4e-05, "Sc": 1.0, "45Sc": 1.0, "Ti": 0.7372, "48Ti": 0.7372, "46Ti": 0.0825, "47Ti": 0.0744, "49Ti": 0.0541, "50Ti": 0.0518, "V": 0.9975, "51V": 0.9975, "50V": 0.0025, "Cr": 0.83789, "52Cr": 0.83789, "53Cr": 0.09501, "50Cr": 0.04345, "54Cr": 0.02365, "Mn": 1.0, "55Mn": 1.0, "Fe": 0.91754, "56Fe": 0.91754, "54Fe": 0.05845, "57Fe": 0.02119, "58Fe": 0.00282, "Co": 1.0, "59Co": 1.0, "Ni": 0.68077, "58Ni": 0.68077, "60Ni": 0.26223, "62Ni": 0.036346, "61Ni": 0.011399, "64Ni": 0.009255, "Cu": 0.6915, "63Cu": 0.6915, "65Cu": 0.3085, "Zn": 0.4917, "64Zn": 0.4917, "66Zn": 0.2773, "68Zn": 0.1845, "67Zn": 0.0404, "70Zn": 0.0061, "Ga": 0.60108, "69Ga": 0.60108, "71Ga": 0.39892, "Ge": 0.365, "74Ge": 0.365, "72Ge": 0.2745, "70Ge": 0.2057, "73Ge": 0.0775, "76Ge": 0.0773, "As": 1.0, "75As": 1.0, "Se": 0.4961, "80Se": 0.4961, "78Se": 0.2377, "76Se": 0.0937, "82Se": 0.0873, "77Se": 0.0763, "74Se": 0.0089, "Br": 0.5069, "79Br": 0.5069, "81Br": 0.4931, "Kr": 0.56987, "84Kr": 0.56987, "86Kr": 0.17279, "82Kr": 0.11593, "83Kr": 0.115, "80Kr": 0.02286, "78Kr": 0.00355, "Rb": 0.7217, "85Rb": 0.7217, "87Rb": 0.2783, "Sr": 0.8258, "88Sr": 0.8258, "86Sr": 0.0986, "87Sr": 0.07, "84Sr": 0.0056, "Y": 1.0, "89Y": 1.0, "Zr": 0.5145, "90Zr": 0.5145, "94Zr": 0.1738, "92Zr": 0.1715, "91Zr": 0.1122, "96Zr": 0.028, "Nb": 1.0, "93Nb": 1.0, "Mo": 0.2439, "98Mo": 0.2439, "96Mo": 0.1667, "95Mo": 0.1584, "92Mo": 0.1453, "100Mo": 0.0982, "97Mo": 0.096, "94Mo": 0.0915, "Tc": 0.0, "97Tc": 0.0, "98Tc": 0.0, "99Tc": 0.0, "Ru": 0.3155, "102Ru": 0.3155, "104Ru": 0.1862, "101Ru": 0.1706, "99Ru": 0.1276, "100Ru": 0.126, "96Ru": 0.0554, "98Ru": 0.0187, "Rh": 1.0, "103Rh": 1.0, "Pd": 0.2733, "106Pd": 0.2733, "108Pd": 0.2646, "105Pd": 0.2233, "110Pd": 0.1172, "104Pd": 0.1114, "102Pd": 0.0102, "Ag": 0.51839, "107Ag": 0.51839, "109Ag": 0.48161, "Cd": 0.2873, "114Cd": 0.2873, "112Cd": 0.2413, "111Cd": 0.128, "110Cd": 0.1249, "113Cd": 0.1222, "116Cd": 0.0749, "106Cd": 0.0125, "108Cd": 0.0089, "In": 0.9571, "115In": 0.9571, "113In": 0.0429, "Sn": 0.3258, "120Sn": 0.3258, "118Sn": 0.2422, "116Sn": 0.1454, "119Sn": 0.0859, "117Sn": 0.0768, "124Sn": 0.0579, "122Sn": 0.0463, "112Sn": 0.0097, "114Sn": 0.0066, "115Sn": 0.0034, "Sb": 0.5721, "121Sb": 0.5721, "123Sb": 0.4279, "Te": 0.3408, "130Te": 0.3408, "128Te": 0.3174, "126Te": 0.1884, "125Te": 0.0707, "124Te": 0.0474, "122Te": 0.0255, "123Te": 0.0089, "120Te": 0.0009, "I": 1.0, "127I": 1.0, "Xe": 0.269086, "132Xe": 0.269086, "129Xe": 0.264006, "131Xe": 0.212324, "134Xe": 0.104357, "136Xe": 0.088573, "130Xe": 0.04071, "128Xe": 0.019102, "124Xe": 0.000952, "126Xe": 0.00089, "Cs": 1.0, "133Cs": 1.0, "Ba": 0.71698, "138Ba": 0.71698, "137Ba": 0.11232, "136Ba": 0.07854, "135Ba": 0.06592, "134Ba": 0.02417, "130Ba": 0.00106, "132Ba": 0.00101, "La": 0.9991119, "139La": 0.9991119, "138La": 0.0008881, "Ce": 0.8845, "140Ce": 0.8845, "142Ce": 0.11114, "138Ce": 0.00251, "136Ce": 0.00185, "Pr": 1.0, "141Pr": 1.0, "Nd": 0.27152, "142Nd": 0.27152, "144Nd": 0.23798, "146Nd": 0.17189, "143Nd": 0.12174, "145Nd": 0.08293, "148Nd": 0.05756, "150Nd": 0.05638, "Pm": 0.0, "145Pm": 0.0, "147Pm": 0.0, "Sm": 0.2675, "152Sm": 0.2675, "154Sm": 0.2275, "147Sm": 0.1499, "149Sm": 0.1382, "148Sm": 0.1124, "150Sm": 0.0738, "144Sm": 0.0307, "Eu": 0.5219, "153Eu": 0.5219, "151Eu": 0.4781, "Gd": 0.2484, "158Gd": 0.2484, "160Gd": 0.2186, "156Gd": 0.2047, "157Gd": 0.1565, "155Gd": 0.148, "154Gd": 0.0218, "152Gd": 0.002, "Tb": 1.0, "159Tb": 1.0, "Dy": 0.2826, "164Dy": 0.2826, "162Dy": 0.25475, "163Dy": 0.24896, "161Dy": 0.18889, "160Dy": 0.02329, "158Dy": 0.00095, "156Dy": 0.00056, "Ho": 1.0, "165Ho": 1.0, "Er": 0.33503, "166Er": 0.33503, "168Er": 0.26978, "167Er": 0.22869, "170Er": 0.1491, "164Er": 0.01601, "162Er": 0.00139, "Tm": 1.0, "169Tm": 1.0, "Yb": 0.32026, "174Yb": 0.32026, "172Yb": 0.2168, "173Yb": 0.16103, "171Yb": 0.1409, "176Yb": 0.12996, "170Yb": 0.02982, "168Yb": 0.00123, "Lu": 0.97401, "175Lu": 0.97401, "176Lu": 0.02599, "Hf": 0.3508, "180Hf": 0.3508, "178Hf": 0.2728, "177Hf": 0.186, "179Hf": 0.1362, "176Hf": 0.0526, "174Hf": 0.0016, "Ta": 0.9998799, "181Ta": 0.9998799, "180Ta": 0.0001201, "W": 0.3064, "184W": 0.3064, "186W": 0.2843, "182W": 0.265, "183W": 0.1431, "180W": 0.0012, "Re": 0.626, "187Re": 0.626, "185Re": 0.374, "Os": 0.4078, "192Os": 0.4078, "190Os": 0.2626, "189Os": 0.1615, "188Os": 0.1324, "187Os": 0.0196, "186Os": 0.0159, "184Os": 0.0002, "Ir": 0.627, "193Ir": 0.627, "191Ir": 0.373, "Pt": 0.3378, "195Pt": 0.3378, "194Pt": 0.3286, "196Pt": 0.2521, "198Pt": 0.07356, "192Pt": 0.00782, "190Pt": 0.00012, "Au": 1.0, "197Au": 1.0, "Hg": 0.2986, "202Hg": 0.2986, "200Hg": 0.231, "199Hg": 0.1687, "201Hg": 0.1318, "198Hg": 0.0997, "204Hg": 0.0687, "196Hg": 0.0015, "Tl": 0.7048, "205Tl": 0.7048, "203Tl": 0.2952, "Pb": 0.524, "208Pb": 0.524, "206Pb": 0.241, "207Pb": 0.221, "204Pb": 0.014, "Bi": 1.0, "209Bi": 1.0, "Po": 0.0, "209Po": 0.0, "210Po": 0.0, "At": 0.0, "210At": 0.0, "211At": 0.0, "Rn": 0.0, "211Rn": 0.0, "220Rn": 0.0, "222Rn": 0.0, "Fr": 0.0, "223Fr": 0.0, "Ra": 0.0, "223Ra": 0.0, "224Ra": 0.0, "226Ra": 0.0, "228Ra": 0.0, "Ac": 0.0, "227Ac": 0.0, "Th": 1.0, "232Th": 1.0, "230Th": 0.0, "Pa": 1.0, "231Pa": 1.0, "U": 0.992742, "238U": 0.992742, "235U": 0.007204, "234U": 5.4e-05, "233U": 0.0, "236U": 0.0, "Np": 0.0, "236Np": 0.0, "237Np": 0.0, "Pu": 0.0, "238Pu": 0.0, "239Pu": 0.0, "240Pu": 0.0, "241Pu": 0.0, "242Pu": 0.0, "244Pu": 0.0, "Am": 0.0, "241Am": 0.0, "243Am": 0.0, "Cm": 0.0, "243Cm": 0.0, "244Cm": 0.0, "245Cm": 0.0, "246Cm": 0.0, "247Cm": 0.0, "248Cm": 0.0, "Bk": 0.0, "247Bk": 0.0, "249Bk": 0.0, "Cf": 0.0, "249Cf": 0.0, "250Cf": 0.0, "251Cf": 0.0, "252Cf": 0.0, "Es": 0.0, "252Es": 0.0, "Fm": 0.0, "257Fm": 0.0, "Md": 0.0, "258Md": 0.0, "260Md": 0.0, "No": 0.0, "259No": 0.0, "Lr": 0.0, "262Lr": 0.0, "Rf": 0.0, "267Rf": 0.0, "Db": 0.0, "268Db": 0.0, "Sg": 0.0, "271Sg": 0.0, "Bh": 0.0, "272Bh": 0.0, "Hs": 0.0, "270Hs": 0.0, "Mt": 0.0, "276Mt": 0.0, "Ds": 0.0, "281Ds": 0.0, "Rg": 0.0, "280Rg": 0.0, "Cn": 0.0, "285Cn": 0.0, "Nh": 0.0, "284Nh": 0.0, "Fl": 0.0, "289Fl": 0.0, "Mc": 0.0, "288Mc": 0.0, "Lv": 0.0, "293Lv": 0.0, "Ts": 0.0, "292Ts": 0.0, "Og": 0.0, "294Og": 0.0, "T": 0.0, "D": 0.000115, "3H": 0.0, "2H": 0.000115}