{"AA0000": null, "AA0001": 0.0, "AA0002": 0.0, "AA0003": 0.0, "AA0004": 0.0, "AA0005": 0.0, "AA0006": 0.0, "AA0007": 0.0, "AA0008": 0.0, "AA0009": 0.0, "AA0010": 0.0, "AA0011": 0.0, "AA0012": 0.0, "AA0013": 0.0, "AA0014": 0.0, "AA0015": 0.0, "AA0016": 0.0, "AA0017": 0.0, "AA0018": 0.0, "AA0019": 0.0, "AA0020": 0.0, "AA0021": 0.0, "AA0022": 0.0, "AA0025": -2.01565, "AA0026": 15.994915, "AA0027": 15.994915, "AA0029": 15.994915, "AA0030": 15.994915, "AA0031": -17.026549, "AA0032": 43.989829, "AA0033": 79.966331, "AA0034": 79.966331, "AA0035": 79.966331, "AA0036": 79.966331, "AA0037": 79.966331, "AA0038": 79.966331, "AA0039": 79.966331, "AA0040": 143.11789, "AA0041": 42.010565, "AA0042": 42.010565, "AA0043": 42.010565, "AA0044": 42.010565, "AA0045": 42.010565, "AA0046": 42.010565, "AA0047": 42.010565, "AA0048": 42.010565, "AA0049": 42.010565, "AA0050": 42.010565, "AA0051": 42.010565, "AA0052": 42.010565, "AA0053": 42.010565, "AA0054": 42.010565, "AA0055": 42.010565, "AA0056": 42.010565, "AA0057": 27.994915, "AA0058": 176.032088, "AA0059": 210.198365, "AA0060": 238.229666, "AA0061": 14.01565, "AA0062": 43.054227, "AA0063": 14.01565, "AA0064": 14.01565, "AA0065": 14.01565, "AA0066": 29.038577, "AA0067": 28.0313, "AA0068": 28.0313, "AA0069": 14.01565, "AA0070": 14.01565, "AA0071": 14.01565, "AA0072": 14.01565, "AA0073": 14.01565, "AA0074": 43.054227, "AA0075": 28.0313, "AA0076": 14.01565, "AA0077": 238.229666, "AA0078": 210.198365, "AA0079": 238.229666, "AA0080": 238.229666, "AA0081": -0.984016, "AA0082": -0.984016, "AA0083": -0.984016, "AA0084": -0.984016, "AA0085": -0.984016, "AA0086": -0.984016, "AA0087": -0.984016, "AA0088": -0.984016, "AA0089": -0.984016, "AA0090": -0.984016, "AA0091": -0.984016, "AA0092": -0.984016, "AA0093": -0.984016, "AA0094": -0.984016, "AA0095": -0.984016, "AA0096": -0.984016, "AA0097": -0.984016, "AA0098": -0.984016, "AA0099": -0.984016, "AA0100": -0.984016, "AA0101": 45.987721, "AA0102": 204.187801, "AA0103": 220.182715, "AA0104": 272.250401, "AA0105": 14.01565, "AA0106": 238.229666, "AA0107": null, "AA0108": -17.026549, "AA0109": -2.01565, "AA0110": -18.010565, "AA0111": -18.010565, "AA0112": -18.010565, "AA0113": -2.01565, "AA0114": 43.989829, "AA0115": 72.021129, "AA0116": 87.068414, "AA0117": 226.077599, "AA0118": 188.032957, "AA0119": 229.014009, "AA0120": 266.203451, "AA0121": -1.031634, "AA0122": 14.96328, "AA0123": -18.010565, "AA0124": -17.026549, "AA0125": -18.010565, "AA0126": -17.026549, "AA0127": -33.003705, "AA0128": 0.984016, "AA0129": -17.026549, "AA0130": 100.016044, "AA0131": 586.279135, "AA0132": 588.294785, "AA0133": 584.263485, "AA0134": 616.177293, "AA0135": 616.177293, "AA0136": 51.904735, "AA0137": 171.783814, "AA0138": 257.675721, "AA0139": 292.671267, "AA0140": 347.597831, "AA0141": 993.213036, "AA0142": 521.884074, "AA0143": 783.141485, "AA0144": 783.141485, "AA0145": 783.141485, "AA0146": 15.994915, "AA0147": 29.974179, "AA0148": 29.974179, "AA0149": 27.958529, "AA0150": 340.085794, "AA0151": null, "AA0152": 162.052823, "AA0153": 340.100561, "AA0154": 203.079373, "AA0155": 203.079373, "AA0156": 162.052823, "AA0157": 162.052823, "AA0158": 123.00853, "AA0159": 123.00853, "AA0160": 123.00853, "AA0161": 123.00853, "AA0162": 123.00853, "AA0163": 123.00853, "AA0164": 123.00853, "AA0165": 123.00853, "AA0166": 123.00853, "AA0167": 881.146903, "AA0168": 541.061109, "AA0169": 541.061109, "AA0170": 197.045309, "AA0171": 79.956815, "AA0172": 79.956815, "AA0173": 77.910512, "AA0174": 77.910512, "AA0175": 77.910512, "AA0176": 77.910512, "AA0177": 469.716158, "AA0178": 595.612805, "AA0179": 77.910512, "AA0181": -18.010565, "AA0182": -18.010565, "AA0183": -2.01565, "AA0184": -18.010565, "AA0185": -17.992806, "AA0186": -15.010899, "AA0187": -18.010565, "AA0188": -18.010565, "AA0189": -20.026215, "AA0191": 0.0, "AA0192": 0.0, "AA0193": 0.0, "AA0194": 0.0, "AA0195": 0.0, "AA0196": 0.0, "AA0197": 0.0, "AA0198": 0.0, "AA0201": null, "AA0202": null, "AA0203": 329.05252, "AA0204": -64.016044, "AA0205": 15.994915, "AA0206": -18.010565, "AA0207": 146.036779, "AA0208": null, "AA0209": null, "AA0210": null, "AA0211": 27.994915, "AA0212": 148.037173, "AA0213": null, "AA0214": 0.984016, "AA0215": 15.994915, "AA0216": -17.026549, "AA0217": 162.052823, "AA0218": null, "AA0219": null, "AA0220": 454.088965, "AA0221": 783.141485, "AA0222": 79.966331, "AA0223": 634.662782, "AA0224": -2.01565, "AA0225": 171.783814, "AA0226": 521.395649, "AA0227": 329.05252, "AA0228": 345.047434, "AA0229": 305.068156, "AA0230": 28.990164, "AA0231": 541.061109, "AA0232": 45.987721, "AA0233": 11.963614, "AA0234": 14.01565, "AA0235": 15.994915, "AA0236": 30.010565, "AA0237": 541.061109, "AA0238": -20.026215, "AA0239": -18.010565, "AA0240": -20.026215, "AA0241": -20.026215, "AA0242": -20.026215, "AA0243": -20.026215, "AA0244": -20.026215, "AA0245": -20.026215, "AA0246": null, "AA0247": null, "AA0248": 1572.985775, "AA0249": null, "AA0250": -2.01565, "AA0251": 31.989829, "AA0252": 418.137616, "AA0253": -64.016044, "AA0254": null, "AA0255": 78.958505, "AA0256": 306.025302, "AA0257": -17.00274, "AA0258": 586.279135, "AA0259": 586.279135, "AA0260": 586.279135, "AA0261": null, "AA0262": 31.989829, "AA0263": 31.989829, "AA0264": 154.00311, "AA0265": 15.977156, "AA0266": 614.161643, "AA0267": 329.05252, "AA0268": 360.585932, "AA0269": 31.972071, "AA0270": -2.01565, "AA0271": 614.161643, "AA0272": 14.01565, "AA0273": 14.01565, "AA0274": 70.005479, "AA0275": 70.005479, "AA0276": 616.177293, "AA0277": 79.916521, "AA0278": null, "AA0279": 612.145993, "AA0280": 613.153269, "AA0281": 1572.985775, "AA0282": 31.989829, "AA0283": 37.906494, "AA0284": 347.597831, "AA0285": 347.597831, "AA0286": 347.597831, "AA0287": 70.005479, "AA0288": 347.597831, "AA0289": 347.597831, "AA0290": 126.104465, "AA0291": 176.032088, "AA0292": 362.586337, "AA0293": 362.586337, "AA0294": -17.026549, "AA0295": null, "AA0296": 283.045703, "AA0297": 242.019154, "AA0298": 293.638425, "AA0299": 14.01565, "AA0300": 663.223042, "AA0301": 0.0, "AA0302": -18.010565, "AA0303": -18.010565, "AA0304": 43.989829, "AA0305": 14.01565, "AA0306": 765.099559, "AA0307": 210.198365, "AA0308": 236.214016, "AA0309": 368.344301, "AA0310": 435.488498, "AA0311": 28.0313, "AA0312": 264.187801, "AA0313": 27.958529, "AA0314": -2.01565, "AA0315": -2.01565, "AA0316": 294.183109, "AA0317": 14.01565, "AA0318": 14.01565, "AA0319": 1588.98069, "AA0320": 45.987721, "AA0321": 109.052764, "AA0322": 15.994915, "AA0323": null, "AA0324": 614.161643, "AA0325": 345.047434, "AA0326": 291.663442, "AA0327": 162.052823, "AA0328": 386.110369, "AA0329": 616.177293, "AA0330": -2.01565, "AA0331": 171.783814, "AA0332": 43.005814, "AA0333": 24.995249, "AA0334": 342.786913, "AA0335": 42.021798, "AA0336": 14.01565, "AA0337": 14.01565, "AA0338": 14.01565, "AA0339": 238.229666, "AA0340": -2.01565, "AA0341": -2.01565, "AA0342": -2.01565, "AA0343": 43.005814, "AA0344": -2.01565, "AA0345": null, "AA0346": 699.52029, "AA0347": 760.730862, "AA0348": -3.024024, "AA0349": 438.09405, "AA0350": 438.09405, "AA0351": 456.104615, "AA0352": 454.088965, "AA0353": 454.088965, "AA0354": 42.010565, "AA0355": 922.834854, "AA0356": 746.742346, "AA0357": 172.791639, "AA0358": -2.01565, "AA0359": 59.049141, "AA0360": -18.010565, "AA0361": 79.956815, "AA0362": 79.956815, "AA0363": 43.989829, "AA0364": 42.010565, "AA0365": -2.01565, "AA0366": 317.64748, "AA0367": -2.01565, "AA0368": -2.01565, "AA0369": 31.989829, "AA0370": 31.989829, "AA0371": 329.05252, "AA0372": 306.025302, "AA0373": -15.994915, "AA0374": 831.197041, "AA0375": 1572.985775, "AA0376": 1691.003369, "AA0377": -20.026215, "AA0378": -20.026215, "AA0379": -20.026215, "AA0380": -18.010565, "AA0381": -18.010565, "AA0382": -37.052764, "AA0383": null, "AA0384": 27.994915, "AA0385": 154.135765, "AA0386": 126.104465, "AA0387": 154.135765, "AA0556": 47.984744, "AA0200": 0.0, "AA0581": 15.994915, "AA0388": 15.994915, "AA0389": 178.047738, "AA0390": 219.074287, "AA0391": 167.982375, "AA0392": 162.052823,